{"cameraMode":{"drawMode":0,"name":"Shaded","section":"Shading Mode"},"sceneLighting":true,"audioPlay":false,"sceneViewState":{"showFog":true,"showMaterialUpdate":false,"showSkybox":true,"showFlares":true,"showImageEffects":true,"showParticleSystems":true},"in2DMode":false,"pivot":{"x":11.108421325683594,"y":3.1898930072784426,"z":6.96791934967041},"rotation":{"x":-0.06929712742567063,"y":0.8719843626022339,"z":-0.12938910722732545,"w":-0.46701157093048098},"size":10.0,"orthographic":false}