{"cameraMode":{"drawMode":0,"name":"Shaded","section":"Shading Mode"},"sceneLighting":true,"audioPlay":false,"sceneViewState":{"showFog":true,"showMaterialUpdate":false,"showSkybox":true,"showFlares":true,"showImageEffects":true,"showParticleSystems":true},"in2DMode":false,"pivot":{"x":3.960315704345703,"y":-0.012264132499694825,"z":12.587922096252442},"rotation":{"x":0.002223764779046178,"y":0.9924241900444031,"z":-0.12148848176002503,"w":0.01816370151937008},"size":4.424097537994385,"orthographic":false}