{"cameraMode":{"drawMode":0,"name":"Shaded","section":"Shading Mode"},"sceneLighting":true,"audioPlay":false,"sceneViewState":{"showFog":true,"showMaterialUpdate":false,"showSkybox":true,"showFlares":true,"showImageEffects":true,"showParticleSystems":true},"in2DMode":false,"pivot":{"x":3.865325927734375,"y":1.7470533847808838,"z":-0.6316008567810059},"rotation":{"x":-0.02413902059197426,"y":0.9758579730987549,"z":-0.15229086577892304,"w":-0.15468083322048188},"size":6.192608833312988,"orthographic":false}